name,city,state,type,latitude,longitude
Indian Institute of Science (IISc),Bangalore,Karnataka,Institute of National Importance,13.0219,77.5671
Indian Institute of Management Bangalore (IIMB),Bangalore,Karnataka,Institute of National Importance,12.8956,77.6015
International Institute of Information Technology Bangalore (IIITB),Bangalore,Karnataka,Deemed University,12.844,77.6633
National Law School of India University (NLSIU),Bangalore,Karnataka,State University,12.9515,77.5146
National Institute of Mental Health and Neuro Sciences (NIMHANS),Bangalore,Karnataka,Institute of National Importance,12.9392,77.5959
"Christ University (Main Campus, Hosur Road)",Bangalore,Karnataka,Deemed University,12.9345,77.606
Christ University (Bannerghatta Road Campus),Bangalore,Karnataka,Deemed University,12.8631,77.6001
Christ University (Yeshwanthpur Campus),Bangalore,Karnataka,Deemed University,13.0336,77.5342
RV College of Engineering (RVCE),Bangalore,Karnataka,Autonomous College,12.9237,77.4987
BMS College of Engineering (BMSCE),Bangalore,Karnataka,Autonomous College,12.941,77.5655
MS Ramaiah Institute of Technology (MSRIT),Bangalore,Karnataka,Autonomous College,13.0315,77.565
MS Ramaiah University of Applied Sciences (MSRUAS),Bangalore,Karnataka,Private University,13.0298,77.5645
PES University (Ring Road Campus),Bangalore,Karnataka,Private University,12.9344,77.5345
PES University (Electronic City Campus),Bangalore,Karnataka,Private University,12.8617,77.6644
Dayananda Sagar College of Engineering (DSCE),Bangalore,Karnataka,Autonomous College,12.9081,77.5659
Dayananda Sagar University (DSU),Bangalore,Karnataka,Private University,12.8252,77.5601
Bangalore University (Jnana Bharathi Campus),Bangalore,Karnataka,State University,12.9482,77.5028
St. Joseph's University (Langford Road),Bangalore,Karnataka,State University,12.962,77.6015
Mount Carmel College (Autonomous),Bangalore,Karnataka,Autonomous College,12.9926,77.5925
St. John's Medical College,Bangalore,Karnataka,Private College,12.9315,77.6186
Bangalore Medical College and Research Institute (BMCRI),Bangalore,Karnataka,Government Medical College,12.961,77.5746
New Horizon College of Engineering (NHCE),Bangalore,Karnataka,Autonomous College,12.9342,77.6917
BMS Institute of Technology and Management (BMSIT),Bangalore,Karnataka,Autonomous College,13.1332,77.5678
Nitte Meenakshi Institute of Technology (NMIT),Bangalore,Karnataka,Autonomous College,13.1287,77.5873
Acharya Institute of Technology,Bangalore,Karnataka,Private College,13.0845,77.4842
Reva University,Bangalore,Karnataka,Private University,13.1154,77.6358
CMR University,Bangalore,Karnataka,Private University,13.0906,77.6534
Alliance University,Bangalore,Karnataka,Private University,12.7289,77.7088
Jain University,Bangalore,Karnataka,Deemed University,12.9568,77.5794
Presidency University Bangalore,Bangalore,Karnataka,Private University,13.1678,77.5342
The Oxford College of Engineering,Bangalore,Karnataka,Private College,12.9022,77.62
Sir M. Visvesvaraya Institute of Technology (Sir MVIT),Bangalore,Karnataka,Private College,13.1511,77.6083
Savitribai Phule Pune University (SPPU),Pune,Maharashtra,State University,18.5529,73.8266
College of Engineering Pune (COEP Technological University),Pune,Maharashtra,State University,18.5293,73.8565
Symbiosis International University (Lavale Campus),Pune,Maharashtra,Deemed University,18.5362,73.7314
Symbiosis Institute of Business Management (SIBM),Pune,Maharashtra,Deemed University,18.5365,73.731
Symbiosis Law School (Viman Nagar),Pune,Maharashtra,Deemed University,18.5665,73.9123
Fergusson College (Autonomous),Pune,Maharashtra,Autonomous College,18.5236,73.8398
Armed Forces Medical College (AFMC),Pune,Maharashtra,Institute of National Importance,18.502,73.892
B.J. Government Medical College,Pune,Maharashtra,Government Medical College,18.5262,73.8736
Vishwakarma Institute of Technology (VIT Pune),Pune,Maharashtra,Autonomous College,18.4636,73.8682
Vishwakarma Institute of Information Technology (VIIT),Pune,Maharashtra,Autonomous College,18.459,73.8837
Pune Institute of Computer Technology (PICT),Pune,Maharashtra,Autonomous College,18.4575,73.8508
"MIT World Peace University (MIT-WPU, Kothrud)",Pune,Maharashtra,Private University,18.5178,73.8151
Bharati Vidyapeeth Deemed University (Dhankawadi),Pune,Maharashtra,Deemed University,18.4578,73.854
Sinhgad College of Engineering (Vadgaon),Pune,Maharashtra,Private College,18.4642,73.8361
Sinhgad Institute of Technology and Science (Narhe),Pune,Maharashtra,Private College,18.4485,73.8242
MKSSS's Cummins College of Engineering for Women,Pune,Maharashtra,Autonomous College,18.4883,73.8173
Army Institute of Technology (AIT),Pune,Maharashtra,Private College,18.6068,73.8749
D.Y. Patil International University (Akurdi),Pune,Maharashtra,Private University,18.6475,73.7592
Dr. D.Y. Patil Vidyapeeth (Pimpri),Pune,Maharashtra,Deemed University,18.6253,73.814
Brihan Maharashtra College of Commerce (BMCC),Pune,Maharashtra,Autonomous College,18.5255,73.8345
Sir Parashurambhau College (SP College),Pune,Maharashtra,Autonomous College,18.505,73.8512
"Modern College of Arts, Science and Commerce (Shivajinagar)",Pune,Maharashtra,Autonomous College,18.5305,73.8478
Indian Institute of Science Education and Research Pune (IISER Pune),Pune,Maharashtra,Institute of National Importance,18.5444,73.8078
Film and Television Institute of India (FTII),Pune,Maharashtra,Autonomous Institute,18.514,73.8315
National Defence Academy (NDA Khadakwasla),Pune,Maharashtra,Defence Academy,18.4544,73.7667
FLAME University,Pune,Maharashtra,Private University,18.5303,73.7058
Indira Institute of Management (Tathawade),Pune,Maharashtra,Private College,18.6128,73.7505
Pimpri Chinchwad College of Engineering (PCCOE),Pune,Maharashtra,Autonomous College,18.6517,73.7615
Indian Institute of Technology Delhi (IIT Delhi),Delhi,Delhi,Institute of National Importance,28.545,77.1926
Delhi University (North Campus - Main),Delhi,Delhi,Central University,28.6906,77.2066
St. Stephen's College (DU),Delhi,Delhi,Constituent College,28.6853,77.2098
Hindu College (DU),Delhi,Delhi,Constituent College,28.684,77.2085
Miranda House (DU),Delhi,Delhi,Constituent College,28.6912,77.2104
"Shri Ram College of Commerce (SRCC, DU)",Delhi,Delhi,Constituent College,28.6865,77.2075
Hansraj College (DU),Delhi,Delhi,Constituent College,28.68,77.2092
"Kirori Mal College (KMC, DU)",Delhi,Delhi,Constituent College,28.6845,77.209
Ramjas College (DU),Delhi,Delhi,Constituent College,28.6848,77.2079
"Lady Shri Ram College for Women (LSR, DU)",Delhi,Delhi,Constituent College,28.5678,77.2435
"Sri Venkateswara College (Venky, DU South Campus)",Delhi,Delhi,Constituent College,28.5878,77.1672
Delhi University (South Campus),Delhi,Delhi,Central University,28.5862,77.1645
Jawaharlal Nehru University (JNU),Delhi,Delhi,Central University,28.54,77.1666
Jamia Millia Islamia (JMI),Delhi,Delhi,Central University,28.5616,77.2802
"Delhi Technological University (DTU, Rohini)",Delhi,Delhi,State University,28.7501,77.1177
"Netaji Subhas University of Technology (NSUT, Dwarka)",Delhi,Delhi,State University,28.61,77.0375
Indira Gandhi Delhi Technical University for Women (IGDTUW),Delhi,Delhi,State University,28.6652,77.2325
"Guru Gobind Singh Indraprastha University (GGSIPU, Dwarka)",Delhi,Delhi,State University,28.595,77.0195
"Maharaja Agrasen Institute of Technology (MAIT, Rohini)",Delhi,Delhi,Affiliated College,28.7231,77.0673
Bharati Vidyapeeth's College of Engineering (Paschim Vihar),Delhi,Delhi,Affiliated College,28.6756,77.1132
All India Institute of Medical Sciences (AIIMS New Delhi),Delhi,Delhi,Institute of National Importance,28.5672,77.21
Maulana Azad Medical College (MAMC),Delhi,Delhi,Government Medical College,28.6366,77.241
Lady Hardinge Medical College (LHMC),Delhi,Delhi,Government Medical College,28.6338,77.2144
Vardhman Mahavir Medical College (VMMC & Safdarjung Hospital),Delhi,Delhi,Government Medical College,28.5714,77.2075
"National Law University Delhi (NLU Delhi, Dwarka)",Delhi,Delhi,State University,28.5912,77.0204
Indian Institute of Foreign Trade (IIFT Delhi),Delhi,Delhi,Deemed University,28.5408,77.1989
Indraprastha Institute of Information Technology Delhi (IIIT-Delhi),Delhi,Delhi,State University,28.5459,77.2732
"Atma Ram Sanatan Dharma College (ARSD, DU)",Delhi,Delhi,Constituent College,28.5878,77.1652
Gargi College (DU),Delhi,Delhi,Constituent College,28.5528,77.2206
"Dyal Singh College (DU, Lodhi Road)",Delhi,Delhi,Constituent College,28.5901,77.2345
"Indian Institute of Technology Bombay (IIT Bombay, Powai)",Mumbai,Maharashtra,Institute of National Importance,19.1334,72.9133
University of Mumbai (Kalina Campus),Mumbai,Maharashtra,State University,19.0735,72.8601
University of Mumbai (Fort Campus),Mumbai,Maharashtra,State University,18.9298,72.8315
"St. Xavier's College (Autonomous, Dhobi Talao)",Mumbai,Maharashtra,Autonomous College,18.9436,72.8318
"Veermata Jijabai Technological Institute (VJTI, Matunga)",Mumbai,Maharashtra,Autonomous College,19.0222,72.8561
"Institute of Chemical Technology (ICT Mumbai, Matunga)",Mumbai,Maharashtra,Deemed University,19.0238,72.8586
"Sardar Patel Institute of Technology (SPIT, Andheri West)",Mumbai,Maharashtra,Autonomous College,19.1232,72.8361
"Sardar Patel College of Engineering (SPCE, Andheri West)",Mumbai,Maharashtra,Autonomous College,19.1235,72.8365
"Narsee Monjee Institute of Management Studies (NMIMS, Vile Parle)",Mumbai,Maharashtra,Deemed University,19.1032,72.8373
Mithibai College of Arts and Chauhan Institute of Science,Mumbai,Maharashtra,Autonomous College,19.1026,72.8376
K.J. Somaiya College of Engineering (Vidyavihar),Mumbai,Maharashtra,Private University,19.0728,72.8998
K.J. Somaiya College of Arts and Commerce (Vidyavihar),Mumbai,Maharashtra,Autonomous College,19.0715,72.8985
"Tata Institute of Fundamental Research (TIFR, Colaba)",Mumbai,Maharashtra,Deemed University,18.9042,72.8083
"Tata Institute of Social Sciences (TISS, Deonar)",Mumbai,Maharashtra,Deemed University,19.0441,72.9142
Jamnalal Bajaj Institute of Management Studies (JBIMS),Mumbai,Maharashtra,Autonomous College,18.9304,72.8277
Sydenham College of Commerce and Economics (Churchgate),Mumbai,Maharashtra,Constituent College,18.9328,72.8272
H.R. College of Commerce and Economics (Churchgate),Mumbai,Maharashtra,Constituent College,18.9315,72.8258
K.C. College (Churchgate),Mumbai,Maharashtra,Constituent College,18.932,72.825
Jai Hind College (Churchgate),Mumbai,Maharashtra,Autonomous College,18.9338,72.8245
Grant Government Medical College & Sir J.J. Group of Hospitals,Mumbai,Maharashtra,Government Medical College,18.9628,72.8347
Seth G.S. Medical College & KEM Hospital (Parel),Mumbai,Maharashtra,Government Medical College,19.0028,72.8428
Topiwala National Medical College & BYL Nair Hospital,Mumbai,Maharashtra,Government Medical College,18.9734,72.8211
"Government Law College (GLC Mumbai, Churchgate)",Mumbai,Maharashtra,Government College,18.9326,72.8288
"Thadomal Shahani Engineering College (TSEC, Bandra)",Mumbai,Maharashtra,Private College,19.0655,72.8362
Fr. Conceicao Rodrigues College of Engineering (Bandra),Mumbai,Maharashtra,Private College,19.0438,72.8208
"Don Bosco Institute of Technology (DBIT, Kurla)",Mumbai,Maharashtra,Private College,19.0805,72.8885
Vivekanand Education Society's Institute of Technology (VESIT),Mumbai,Maharashtra,Autonomous College,19.0475,72.889
Dwarkadas J. Sanghvi College of Engineering (DJSCE),Mumbai,Maharashtra,Autonomous College,19.1075,72.837
Indian Institute of Management Mumbai (formerly NITIE),Mumbai,Maharashtra,Institute of National Importance,19.1408,72.9069
Ramnarain Ruia Autonomous College (Matunga),Mumbai,Maharashtra,Autonomous College,19.0225,72.8538
Indian Institute of Technology Hyderabad (IIT Hyderabad),Hyderabad,Telangana,Institute of National Importance,17.5936,78.1235
International Institute of Information Technology Hyderabad (IIIT-H),Hyderabad,Telangana,Deemed University,17.4455,78.3489
"University of Hyderabad (UoH, Gachibowli)",Hyderabad,Telangana,Central University,17.4567,78.3264
"Osmania University (Main Campus, Amberpet)",Hyderabad,Telangana,State University,17.4138,78.5284
Jawaharlal Nehru Technological University Hyderabad (JNTUH),Hyderabad,Telangana,State University,17.4938,78.3914
BITS Pilani Hyderabad Campus (Jawahar Nagar),Hyderabad,Telangana,Deemed University,17.5449,78.5718
"Indian School of Business (ISB, Gachibowli)",Hyderabad,Telangana,Autonomous Institute,17.4395,78.3408
"Chaitanya Bharathi Institute of Technology (CBIT, Gandipet)",Hyderabad,Telangana,Autonomous College,17.3916,78.3198
Vasavi College of Engineering (Ibrahimbagh),Hyderabad,Telangana,Autonomous College,17.3807,78.3826
VNR Vignana Jyothi Institute of Engineering & Technology (VNR VJIET),Hyderabad,Telangana,Autonomous College,17.5385,78.3858
Gokaraju Rangaraju Institute of Engineering & Technology (GRIET),Hyderabad,Telangana,Autonomous College,17.5205,78.3683
CVR College of Engineering (Ibrahimpatnam),Hyderabad,Telangana,Autonomous College,17.1978,78.5975
Mahindra University (Bahadurpally),Hyderabad,Telangana,Private University,17.5878,78.4358
NALSAR University of Law (Shamirpet),Hyderabad,Telangana,State University,17.6044,78.5492
"Nizam's Institute of Medical Sciences (NIMS, Punjagutta)",Hyderabad,Telangana,State University,17.4225,78.4526
Gandhi Medical College (Secunderabad),Hyderabad,Telangana,Government Medical College,17.4239,78.5028
Osmania Medical College (Koti),Hyderabad,Telangana,Government Medical College,17.382,78.4842
"Institute of Public Enterprise (IPE, Shamirpet)",Hyderabad,Telangana,Autonomous Institute,17.6185,78.5742
Sreenidhi Institute of Science and Technology (SNIST),Hyderabad,Telangana,Autonomous College,17.4542,78.6738
Vardhaman College of Engineering (Shamshabad),Hyderabad,Telangana,Autonomous College,17.2542,78.306
Malla Reddy College of Engineering & Technology (MRCET),Hyderabad,Telangana,Autonomous College,17.5615,78.4552
CMR College of Engineering & Technology (Kandlakoya),Hyderabad,Telangana,Autonomous College,17.6065,78.4885
Anurag University (Venkatapur),Hyderabad,Telangana,Private University,17.4215,78.6565
"Keshav Memorial Institute of Technology (KMIT, Narayanguda)",Hyderabad,Telangana,Autonomous College,17.3978,78.4912
Loyola Academy Degree and PG College (Old Alwal),Hyderabad,Telangana,Autonomous College,17.4985,78.5098
St. Francis College for Women (Begumpet),Hyderabad,Telangana,Autonomous College,17.441,78.4618
Nizam College (Basheerbagh),Hyderabad,Telangana,Constituent College,17.3985,78.4735
Muffakham Jah College of Engineering & Technology (MJCET),Hyderabad,Telangana,Private College,17.4285,78.4385
"Indian Institute of Technology Madras (IIT Madras, Guindy)",Chennai,Tamil Nadu,Institute of National Importance,12.9915,80.2337
"College of Engineering Guindy (CEG, Anna University)",Chennai,Tamil Nadu,State University,13.0118,80.2355
"Madras Institute of Technology (MIT Anna University, Chromepet)",Chennai,Tamil Nadu,Constituent College,12.9482,80.1398
University of Madras (Chepauk Campus),Chennai,Tamil Nadu,State University,13.0645,80.2828
"Loyola College (Autonomous, Nungambakkam)",Chennai,Tamil Nadu,Autonomous College,13.0626,80.235
"Madras Christian College (MCC, Tambaram)",Chennai,Tamil Nadu,Autonomous College,12.9248,80.1245
Stella Maris College (Cathedral Road),Chennai,Tamil Nadu,Autonomous College,13.045,80.252
Presidency College Chennai (Kamarajar Salai),Chennai,Tamil Nadu,Autonomous College,13.0578,80.282
"Madras Medical College (MMC, Park Town)",Chennai,Tamil Nadu,Government Medical College,13.0805,80.2785
Stanley Medical College (George Town),Chennai,Tamil Nadu,Government Medical College,13.1065,80.2878
Sri Ramachandra Institute of Higher Education & Research (Porur),Chennai,Tamil Nadu,Deemed University,13.0375,80.1412
SRM Institute of Science and Technology (Kattankulathur),Chennai,Tamil Nadu,Deemed University,12.8231,80.0444
SRM Institute of Science and Technology (Vadapalani Campus),Chennai,Tamil Nadu,Deemed University,13.052,80.2105
B.S. Abdur Rahman Crescent Institute of Science & Technology,Chennai,Tamil Nadu,Deemed University,12.8795,80.0825
"SSN College of Engineering (Kalavakkam, OMR)",Chennai,Tamil Nadu,Autonomous College,12.7505,80.1975
Sathyabama Institute of Science and Technology (Jeppiaar Nagar),Chennai,Tamil Nadu,Deemed University,12.8725,80.2205
"Hindustan Institute of Technology and Science (HITS, Padur)",Chennai,Tamil Nadu,Deemed University,12.8398,80.2295
"Sri Venkateswara College of Engineering (SVCE, Sriperumbudur)",Chennai,Tamil Nadu,Autonomous College,12.9885,79.9725
"Rajalakshmi Engineering College (REC, Thandalam)",Chennai,Tamil Nadu,Autonomous College,13.0085,80.0035
St. Joseph's College of Engineering (OMR),Chennai,Tamil Nadu,Autonomous College,12.8685,80.2185
Ethiraj College for Women (Egmore),Chennai,Tamil Nadu,Autonomous College,13.0655,80.2575
"Women's Christian College (WCC, Nungambakkam)",Chennai,Tamil Nadu,Autonomous College,13.069,80.2465
"Tamil Nadu Dr. Ambedkar Law University (SOEL, Taramani)",Chennai,Tamil Nadu,State University,12.9775,80.2445
"Asian College of Journalism (ACJ, Taramani)",Chennai,Tamil Nadu,Autonomous Institute,12.9882,80.2458
Great Lakes Institute of Management (ECR),Chennai,Tamil Nadu,Autonomous Institute,12.562,80.1685
Easwari Engineering College (Ramapuram),Chennai,Tamil Nadu,Autonomous College,13.0315,80.1805
Meenakshi College for Women (Kodambakkam),Chennai,Tamil Nadu,Autonomous College,13.0535,80.2215
Guru Nanak College (Velachery),Chennai,Tamil Nadu,Autonomous College,12.9905,80.218
D.G. Vaishnav College (Arumbakkam),Chennai,Tamil Nadu,Autonomous College,13.0725,80.2075
Saveetha Institute of Medical and Technical Sciences (SIMATS),Chennai,Tamil Nadu,Deemed University,13.0285,80.0175
